text,hashtags,conclusi,percent
"RT @WannaOne_twt: [#워너원데이] 워너블의 마음을 한가득 따뜻하게 만들어준 오늘 더쇼 잘 보셨나요? 워너원은 워너블이 안겨준 선물 덕에 핫팩이 따로 필요 없을 정도에요(˃̶᷄‧̫ ˂̶᷅๑ ) 오늘 너무 고맙고 우리 내일 또 봐요💕
#S…","워너원데이, ",POSITIVE,75.79905986785889
"RT @WannaOne_twt: [#워너원데이] 워너블의 마음을 한가득 따뜻하게 만들어준 오늘 더쇼 잘 보셨나요? 워너원은 워너블이 안겨준 선물 덕에 핫팩이 따로 필요 없을 정도에요(˃̶᷄‧̫ ˂̶᷅๑ ) 오늘 너무 고맙고 우리 내일 또 봐요💕
#S…","워너원데이, ",POSITIVE,75.79905986785889
RT @bbbbbyyyyyo: มะกี้เผลอลบ เอาใหม่ ชนะถ้วยแรก แจก100 1คน 1 บาทอีก1คนรี+ฟอลแอค @pamypamyags 💗#SpringBreeze1stWin,"SpringBreeze1stWin, ",POSITIVE,75.79905986785889
"RT @DDnxShop: ฉลองถ้วยแรกของเพลงนี้แงงงง เก่งกันมากๆเลยT_T 

แจกเงิน100บาท เข้าบช./วอลเลต/พร้อมเพย์ได้หมด แจก1คน

รีทวิตอย่างเดียวพอ ฟอลก็ไ…",,POSITIVE,75.79905986785889
"RT @WANNAONETH_: [🏆] 181127 หนุ่มๆวอนนาวันได้อันดับที่ 1 จากรายการ The Show ด้วยคะแนน 10,000 คะแนนค่ะ ขอแสดงความยินดีกับหนุ่มๆด้วยนะคะ🎉✨ #S…",,POSITIVE,75.79905986785889
"RT @danikkkkkkkk__: แจกเงินเนื่องจากถ้วยแรกมาแล้ววว 🔥🔥🔥
💗 100 บาท 1 คน
💗 1 บาท 11 คน
รีไปเลย ไม่ต้องฟอลก็ได้ ประกาศพรุ่งนี้ 3 ทุ่ม แท็คชื่อ…",,POSITIVE,75.79905986785889
RT @Laeklin_: แจกบั้มได้ไหมดีใจ เพราะสั่งบั้มมาเกิน แต่อยากให้น้องได้ 10 ถ้วยอ่ะ55555555555555555555555555555555555555555 #SpringBreeze1stW…,,POSITIVE,75.79905986785889
"RT @nuo_de_uno: #ILCMasjidTerpaparRadikal 

Kok sekelas BIN, sekelas BIN loh percaya dengan penelitian mereka.","ILCMasjidTerpaparRadikal, ",POSITIVE,77.1297812461853
RT @ningrumnofianty: #wannaone #MAMAVOTE #SpringBreeze1stWin #THESHOW https://t.co/mJhA7Rh380,"wannaone, MAMAVOTE, SpringBreeze1stWin, THESHOW, ",POSITIVE,75.79905986785889
"RT @Phatta_kim: แจกทองเหมือนเดิม😚
ทอง1กรัมจ้า ไม่ฟอลได้รับเพียงเงิน111บาทจ้า ทอง1กรัมประมาณ1600-1900บาทจ้า
ประกาศวันเกิดแดน ประกาศแท็กหา+จั…",,POSITIVE,75.79905986785889
"RT @WannaOne_twt: [#워너원데이] 워너블의 마음을 한가득 따뜻하게 만들어준 오늘 더쇼 잘 보셨나요? 워너원은 워너블이 안겨준 선물 덕에 핫팩이 따로 필요 없을 정도에요(˃̶᷄‧̫ ˂̶᷅๑ ) 오늘 너무 고맙고 우리 내일 또 봐요💕
#S…","워너원데이, ",POSITIVE,75.79905986785889
"RT @RadioElshinta: Hasil #PollingElshinta, sebanyak 90% setuju kalau Mata pelajaran Pendidikan Moral Pancasila (PMP) kembali dihidupkan di…","PollingElshinta, ",POSITIVE,75.88294744491577
"Quote Terakhir 
""Kalau kamu tidak bisa menjelaskannya dengan sederhana, berarti kamu belum begitu mengerti tentang… https://t.co/OfUNp7awvt",,POSITIVE,75.61020851135254
"TJIE #SpringBreeze1stWin 

MAKAN MAKAN MAKAN MAKAN MAKAN MAKAN MAKAN MAKAN MAKAN MAKAN MAKAN MAKAN.","SpringBreeze1stWin, ",POSITIVE,75.79905986785889
"RT @ongfansss: Congratulations Wanna One 🎉🎉🎉
#SpringBreeze1stwin https://t.co/8bZLUtJBtf","SpringBreeze1stwin, ",POSITIVE,75.79905986785889
"RT @Arif48990189: Seseorang yg tidak bisa menjelsakan sesuatu secara sederhana, mingkin karena ia tidak memahaminya. Jdi inget yg gak bs je…",,POSITIVE,74.11501407623291
"RT @thatsmyjh: รีไปเลย แจก 100 บาท
สุ่มตอนจบโปรโมท ไปดูmvกันเยอะๆ
#SpringBreeze1stWin https://t.co/Mw6ZyYXQ6M","SpringBreeze1stWin, ",POSITIVE,75.79905986785889
"RT @Phatcharaphan28: รีพอเด้ออ 🎉🎉
เนื่องจากวนว.ชนะได้้ที่1 แจกเงินในwallet!!  50.50 ฿ 2คน 
-ขอยาดสุ่มวันเสาร์เด้ออ  เวลาประมาน2-3ทุ่ม แท็กห…",,POSITIVE,75.79905986785889
RT @nongmaxnaka: เนื่องจากที่รักของน้องแม้กได้เฟิสวิน น้องแม้กจะแจกเงินนะค่ะ เท่าไหร่ไม่รู้เดี๋ยวมาสุ่มจ้า🎉💕 #SpringBreeze1stWin https://t.…,"SpringBreeze1stWin, ",POSITIVE,75.79905986785889
"RT @sawaddeeeeee1: #SpringBreeze1stWin
เย้ๆ 🎉🎉♥♥ถ้วยเเรกของพวกเรา~♥♥ https://t.co/XI2sbS6sLn","SpringBreeze1stWin, ",POSITIVE,75.79905986785889
Sing wajar wajar ae lah .. masjid ya buat ibadah  #ILCMasjidTerpaparRadikal,"ILCMasjidTerpaparRadikal, ",POSITIVE,76.33021473884583
RT @prdessssssss: แจก11฿1คน 4฿1คน รีไปปป ว่างๆจะมาสุ่มคริคริ #SpringBreeze1stWin,"SpringBreeze1stWin, ",POSITIVE,75.79905986785889
RT @Pijamshams: Semua orang pun cantik dengan cara yang tersendiri. https://t.co/KTQ9qXwizE,,POSITIVE,75.01165866851807
RT @PenguinONGONG: congratulations! 🎉 #SpringBreeze1stWin https://t.co/IOeF09ypWR,"SpringBreeze1stWin, ",POSITIVE,75.79905986785889
"RT @Black73694179: เย้!ดีใจด้วยน้าา เก่งงงมากกกๆเลย🎉✨
แจก! เงิน100฿ 2 คนไปเลยงับถ้วยแรกทั้งที สุ่มแล้วจะทักไปหาผู้โชคดีค่า
พร้อมส่งเลข บชช…",,POSITIVE,75.79905986785889
"RT @WannaOne_twt: [#워너원데이] 워너블의 마음을 한가득 따뜻하게 만들어준 오늘 더쇼 잘 보셨나요? 워너원은 워너블이 안겨준 선물 덕에 핫팩이 따로 필요 없을 정도에요(˃̶᷄‧̫ ˂̶᷅๑ ) 오늘 너무 고맙고 우리 내일 또 봐요💕
#S…","워너원데이, ",POSITIVE,75.79905986785889
"RT @WannaOne_twt: [#워너원데이] 워너블의 마음을 한가득 따뜻하게 만들어준 오늘 더쇼 잘 보셨나요? 워너원은 워너블이 안겨준 선물 덕에 핫팩이 따로 필요 없을 정도에요(˃̶᷄‧̫ ˂̶᷅๑ ) 오늘 너무 고맙고 우리 내일 또 봐요💕
#S…","워너원데이, ",POSITIVE,75.79905986785889
"RT @realdefdanielss: WANNA ONE MUSIC SHOWS TROPHIES 👍🏆

Energetic - 🏆🏆🏆🏆🏆🏆🏆🏆🏆🏆🏆🏆🏆🏆🏆 

Beautiful - 🏆🏆🏆🏆🏆🏆🏆🏆

I.P.U. - 🏆🏆

Boomerang - 🏆🏆🏆🏆🏆🏆…",,POSITIVE,75.79905986785889
"RT @deepinrealsky_: Give Away! 🌸 รีอย่างเดียวจ้า
หรือจะฟอลก็ได้ เราแจกเรื่อยๆ 🧸! !
เนื่องใน #SpringBreeze1stwin ของหนุ่มๆ #WANNAONE ที่เรา…","SpringBreeze1stwin, WANNAONE, ",POSITIVE,75.79905986785889
"RT @_fukotriple0825: เสียงของพี่ซองอู งุ้ง 💛
#SpringBreeze1stWin https://t.co/oGHp7ronAU","SpringBreeze1stWin, ",POSITIVE,75.79905986785889
"RT @pphing_: 📌[แจก]ที่ผ่านมามีโมเม้น #เนียลอง เยอะมาก และวันนี้ก็เป็นวันที่ #SpringBreeze1stWin

👉🏻แจก Mirror Night Ver คุณแดน/คุณอง

กติกา…","เนียลอง, SpringBreeze1stWin, ",POSITIVE,75.79905986785889
RT @hardsalehelpme: แจกสะสมแต้มบุญหน่อยค่ะ แจกเงิน 111 บาท 1 คน ยินดีๆ กับเฟิร์สวินเด็กๆด้วยจ้า 🎉💝 #SpringBreeze1stWin รีก็พอจ้า ประกาศสี่…,"SpringBreeze1stWin, ",POSITIVE,75.79905986785889
"RT @WannaOne_twt: [#워너원데이] 워너블의 마음을 한가득 따뜻하게 만들어준 오늘 더쇼 잘 보셨나요? 워너원은 워너블이 안겨준 선물 덕에 핫팩이 따로 필요 없을 정도에요(˃̶᷄‧̫ ˂̶᷅๑ ) 오늘 너무 고맙고 우리 내일 또 봐요💕
#S…","워너원데이, ",POSITIVE,75.79905986785889
"RT @N92687455: 🎊ถ้วยแรกมาแย้วววว🎊 🏆 เย้ๆๆ👏🏻👏🏻

🔺11฿ 2คน รีไว้ เดี๋ยวมาสุ่มพน.

 #SpringBreeze1stWin https://t.co/tnTUo1uCet","SpringBreeze1stWin, ",POSITIVE,75.79905986785889
"RT @Phatta_kim: แจกทองเหมือนเดิม😚
ทอง1กรัมจ้า ไม่ฟอลได้รับเพียงเงิน111บาทจ้า ทอง1กรัมประมาณ1600-1900บาทจ้า
ประกาศวันเกิดแดน ประกาศแท็กหา+จั…",,POSITIVE,75.79905986785889
"RT @imam_nahrawi: Mbak @najwashihab saya izin ikut upload ya. Semoga bisa jadi hasil baik untuk kemajuan sepakbola Indonesia. 

#MataNajwaP…",,POSITIVE,78.02862524986267
RT @nongmaxnaka: เนื่องจากที่รักของน้องแม้กได้เฟิสวิน น้องแม้กจะแจกเงินนะค่ะ เท่าไหร่ไม่รู้เดี๋ยวมาสุ่มจ้า🎉💕 #SpringBreeze1stWin https://t.…,"SpringBreeze1stWin, ",POSITIVE,75.79905986785889
"RT @Hibelleri: มาค่ะ แจกเงิน 101 บาท
สุ่มจากรีทวิตนี้เท่านั้น
ประกาศพรุ่งนี้หลังเราเลิกงานค่ะ
 
#SpringBreeze1stWin 
#WannaoneSpringBreeze…","SpringBreeze1stWin, WannaoneSpringBreeze, ",POSITIVE,75.79905986785889
"RT @realdefdanielss: WANNA ONE ALL ""FIRST"" WIN IN EVERY ERA 🎉🎉

Energetic-17/08/16 
Beautiful-17/11/22
Boomerang-18/03/23
Light-18/06/12
Sp…",,POSITIVE,75.79905986785889
RT @3songsmama: เย้!! ดีใจมากเลยจะมาแจกเคสแข็งค่ะ สำหรับทุกคนที่เอ็นดูซองอุนนะคะ จริงๆคือสั่งทำใช้เอง แต่จะสั่งเพิ่มอีกอันให้ค่ะ เท่ากับมีส…,,POSITIVE,75.79905986785889
"RT @moominjuna: •°1st GIVEAWAY°•

Wanna one #SpringBreeze1stWin &amp; first ult bias ultah #HappyChanyeolDay 💞

⭕RT
⭕Rep mau mana + #MAMAVOTE #…","SpringBreeze1stWin, HappyChanyeolDay, MAMAVOTE, ",POSITIVE,76.59567594528198
"RT @sungwmari: ここはソンウンを抜くって決まっていたら最高なんだけど_(꒪ཀ꒪」∠)_
全部繋げるからこれからもここはソンウンを抜いてください！

각방송국 스탭님들 제발😭😭😭😭😭😭😭😭

#ハソンウン #하성운 #WANNAONE #워너원 #POWEROFD…","ハソンウン, 하성운, WANNAONE, 워너원, ",POSITIVE,75.79905986785889
RT @PenguinONGONG: congratulations! 🎉 #SpringBreeze1stWin https://t.co/IOeF09ypWR,"SpringBreeze1stWin, ",POSITIVE,75.79905986785889
"RT @Phatta_kim: แจกทองเหมือนเดิม😚
ทอง1กรัมจ้า ไม่ฟอลได้รับเพียงเงิน111บาทจ้า ทอง1กรัมประมาณ1600-1900บาทจ้า
ประกาศวันเกิดแดน ประกาศแท็กหา+จั…",,POSITIVE,75.79905986785889
RT @callmepjh: แจกค่ะ เนื่องจากหนุ่มๆๆๆของเราได้ที่1 😭 รีไปเลยค่ะไม่ต้องฟอลก็ได้รีเลยจ้าาาา ประกาศพรุ่งนี้ตอน 6:00 นะคะ #springbreeze1stwin…,"springbreeze1stwin, ",POSITIVE,75.79905986785889
"RT @Kang_dan101: ดีใจด้วยค้าบบ🎉🎉
แจก10฿ 
รีทวิตนี้อย่างเดียว 
ปก.แท็ก1นาที #SpringBreeze1stWin https://t.co/PrDqig0Ark","SpringBreeze1stWin, ",POSITIVE,75.79905986785889
"RT @soompi: WATCH: #WannaOne Makes Comeback On ""The Show"" With ""Spring Breeze"" And ""Hide And Seek"" #SpringBreeze1stWin https://t.co/eAhaDEX…","WannaOne, SpringBreeze1stWin, ",POSITIVE,75.79905986785889
"RT @PunDaoEH: 🥰 WIN 1 ถ้วยแล้ววว 
แจกบั้มไม่แกะ 1 บั้มจ้าาา รีโลดดด
สุ่มพรุ่งนี้(พุธ28)  20.00 น. 🌟📚🌠
 #워너원 #wannaone
#봄바람1stWin #SpringBre…","워너원, wannaone, 봄바람1stWin, ",POSITIVE,75.79905986785889
RT @filmwlk: แจก101บาทค่ะ รีไว้เลย สุ่มคืนนี้4ทุ่มน้า🙆🏻‍♀️💖 #SpringBreeze1stWin #워너원 https://t.co/a0fWKAtxMO,"SpringBreeze1stWin, 워너원, ",POSITIVE,75.79905986785889
RT @PenguinONGONG: congratulations! 🎉 #SpringBreeze1stWin https://t.co/IOeF09ypWR,"SpringBreeze1stWin, ",POSITIVE,75.79905986785889
RT @parknanda95_: há cada dia que passa meu amor e meu orgulho por vcs só aumenta. vocês merecem isso e muito mais. vocês lutaram pra chega…,,POSITIVE,75.79905986785889
"RT @WHITEDREAMER_mh: 말랑말랑🤦‍♀️

#SpringBreeze1stWin #황민현 #민현 #minhyun https://t.co/tqTxAyRlTh","SpringBreeze1stWin, 황민현, 민현, minhyun, ",POSITIVE,75.79905986785889
RT @NielongTaken: สุดยอดไปเลยครับ ดีใจกับน้องๆด้วยนะครับ  🎉🎉🎉 #SpringBreeze1stWin  https://t.co/vsWunkcpHS,"SpringBreeze1stWin, ",POSITIVE,75.79905986785889
"RT @realdefdanielss: WANNA ONE MUSIC SHOWS TROPHIES 👍🏆

Energetic - 🏆🏆🏆🏆🏆🏆🏆🏆🏆🏆🏆🏆🏆🏆🏆 

Beautiful - 🏆🏆🏆🏆🏆🏆🏆🏆

I.P.U. - 🏆🏆

Boomerang - 🏆🏆🏆🏆🏆🏆…",,POSITIVE,75.79905986785889
RT @huamonwingwap: หัวมนขอแสดงความยินดีให้กับพี่ๆ wannaoneทั้ง 11 คนด้วยนะงับ ในเมื่อ อัลบั้มไนท์ขายไม่ออกหัวมนจะแจกนะงับ รี+ฟอลไว้เลยนะงับ…,,POSITIVE,75.79905986785889
"RT @Phatta_kim: แจกทองเหมือนเดิม😚
ทอง1กรัมจ้า ไม่ฟอลได้รับเพียงเงิน111บาทจ้า ทอง1กรัมประมาณ1600-1900บาทจ้า
ประกาศวันเกิดแดน ประกาศแท็กหา+จั…",,POSITIVE,75.79905986785889
RT @prdessssssss: แจก11฿1คน 4฿1คน รีไปปป ว่างๆจะมาสุ่มคริคริ #SpringBreeze1stWin,"SpringBreeze1stWin, ",POSITIVE,75.79905986785889
"RT @wannableidaehwi: ตะหวัดดีคั้บ วันนี้วนว.ได้ 1st win แล้วเย่
แจกๆ 
111 บาท + เฟรม วนว. 11*14 นิ้ว
และเราขอสุ่มจากอันนี้นะคะหาอันเก่าไม่เ…",,POSITIVE,75.79905986785889
"RT @PunDaoEH: 🥰 WIN 1 ถ้วยแล้ววว 
แจกบั้มไม่แกะ 1 บั้มจ้าาา รีโลดดด
สุ่มพรุ่งนี้(พุธ28)  20.00 น. 🌟📚🌠
 #워너원 #wannaone
#봄바람1stWin #SpringBre…","워너원, wannaone, 봄바람1stWin, ",POSITIVE,75.79905986785889
"RT @danjihoon_: spring breeze first win 🏆 congrats @WannaOne_twt

let's get more wins!! 🎉🎉🎉 #SpringBreeze1stWin
 https://t.co/PRXE9zQDXC","SpringBreeze1stWin, ",POSITIVE,75.60415863990784
"RT @Black73694179: เย้!ดีใจด้วยน้าา เก่งงงมากกกๆเลย🎉✨
แจก! เงิน100฿ 2 คนไปเลยงับถ้วยแรกทั้งที สุ่มแล้วจะทักไปหาผู้โชคดีค่า
พร้อมส่งเลข บชช…",,POSITIVE,75.79905986785889
RT @PenguinONGONG: congratulations! 🎉 #SpringBreeze1stWin https://t.co/IOeF09ypWR,"SpringBreeze1stWin, ",POSITIVE,75.79905986785889
"RT @WannaOne_twt: [#워너원데이] 워너블의 마음을 한가득 따뜻하게 만들어준 오늘 더쇼 잘 보셨나요? 워너원은 워너블이 안겨준 선물 덕에 핫팩이 따로 필요 없을 정도에요(˃̶᷄‧̫ ˂̶᷅๑ ) 오늘 너무 고맙고 우리 내일 또 봐요💕
#S…","워너원데이, ",POSITIVE,75.79905986785889
"RT @peach_btwin: แจก!!! 101฿ 1 คน 
           11฿ 1 คนรีเลยยยย
#SpringBreeze1stwin 🌀🥳","SpringBreeze1stwin, ",POSITIVE,75.79905986785889
"RT @ohmyjihoons: soon: 

Rank : 1st
Artist : Wanna One
Song  : - Boomerang
             - Light 
             - Spring Breeze
Score : 10,00…",,POSITIVE,75.79905986785889
RT @DAEHWI_TH: (🏆) วันนี้เพลง 봄바람 (Spring Breeze) ของหนุ่มๆ Wanna One ได้ที่ 1 ในรายการ THE SHOW ด้วยค่ะ //ยินดีกับรางวัลถ้วยแรกด้วยนะคะ พว…,,POSITIVE,75.79905986785889
"RT @WANNAONE_TH: [INFO] เพลง Spring Breeze เป็นเพลงที่ 3 ที่มีคะแนนสูงสุดในรายการ The Show ด้วยคะแนน 10,000 คะแนนค่ะ🏆 

#SpringBreeze1stWin…","SpringBreeze1stWin, ",POSITIVE,75.79905986785889
"RT @0u0pp: #봄바람1stWin
#SpringBreeze1stWin

워너원 봄바람 첫 1위 축하해🎉🎉🎉💖💖💖💖💖💖 https://t.co/mWsIGjgxkt","봄바람1stWin, SpringBreeze1stWin, ",POSITIVE,75.79905986785889
"Hahahahahaha @jokowi ini berita buat lo nih
@GunRomli @permadiaktivis 
@kaesangp",,POSITIVE,74.51216578483582
RT @DAEHWI_TH: (🏆) วันนี้เพลง 봄바람 (Spring Breeze) ของหนุ่มๆ Wanna One ได้ที่ 1 ในรายการ THE SHOW ด้วยค่ะ //ยินดีกับรางวัลถ้วยแรกด้วยนะคะ พว…,,POSITIVE,75.79905986785889
"RT @BGr8Shop: Dm มาถามได้เลยน้า ยินดีให้คำปรึกษาค่ะ 😊
พรีราคาถูก รีบมาสั่งน้าา ❤
#พรีออเดอร์ #พร้อมส่ง #พื้นที่โปร #HappyChanyeolDay #ใช้ดี…","พรีออเดอร์, พร้อมส่ง, พื้นที่โปร, HappyChanyeolDay, ",POSITIVE,75.79905986785889
"RT @thatsmyjh: รีไปเลย แจก 100 บาท
สุ่มตอนจบโปรโมท ไปดูmvกันเยอะๆ
#SpringBreeze1stWin https://t.co/Mw6ZyYXQ6M","SpringBreeze1stWin, ",POSITIVE,75.79905986785889
RT @prdessssssss: แจก11฿1คน 4฿1คน รีไปปป ว่างๆจะมาสุ่มคริคริ #SpringBreeze1stWin,"SpringBreeze1stWin, ",POSITIVE,75.79905986785889
"RT @WannaOne_twt: [#워너원데이] 워너블의 마음을 한가득 따뜻하게 만들어준 오늘 더쇼 잘 보셨나요? 워너원은 워너블이 안겨준 선물 덕에 핫팩이 따로 필요 없을 정도에요(˃̶᷄‧̫ ˂̶᷅๑ ) 오늘 너무 고맙고 우리 내일 또 봐요💕
#S…","워너원데이, ",POSITIVE,75.79905986785889
"RT @chamwink: we scored 10000 points which is a perfect score!!! congrats wanna one 😭💕 

#봄바람1stWin #SpringBreeze1stWin https://t.co/HXfUPP…","봄바람1stWin, SpringBreeze1stWin, ",POSITIVE,76.00427865982056
RT @m3g4nekun: Si romlah dedengkot liberal tapi g ngaku kalau dia liberal yg lu bacain semua itu survey dari lembaga yg di danai pemerintah…,,POSITIVE,72.69469499588013
RT @kyallenz: Stop degrading other women just because you want to give one your praise. Don’t ever compliment a woman by insulting another…,,POSITIVE,76.81742310523987
"RT @Wanna_trade_: #SpringBreeze1stWin ( RT GA) 
Celebrating wanna one's 1st win 
I'm giving away 1 spring breeze album (Romance/ adventure)…","SpringBreeze1stWin, ",POSITIVE,75.79905986785889
"RT @Aom_bf: พึ่งเห็นว่าลืมติดแท็ก 😭 ขออนุญาติลงใหม่นะคะ 🙇🏻‍♀️

ฤกษ์งามยามดี เฟิร์สวินบั้มสุดท้าย✨
แจก One the world tour DVD 2 เซต
👉🏻 ให้คน…",,POSITIVE,75.21713376045227
"RT @mjhoon99_: 🎉🏆 ฉลอง​ 1st  Win : Spring Breeze
แจกตังค์​ 101  บาท​  1  คนค่ะ
ประกาศวันเสาร์ที่​ 1 ก.ย. เวลา​ 20.33 น.
สุ่มจากรีทวิตค่ะ​ 😊…",,POSITIVE,75.79905986785889
"RT @babyface_sp: แจก!! เนื่องในโอกาส #SpringBreeze1stWin 🎉🎉🎉

🏆รางวัล: โปสการ์ดการ์ดจากเซต One the World DVD - 1 รางวัล
🔁กติกา: รี+ฟอล
🎟️…","SpringBreeze1stWin, ",POSITIVE,75.79905986785889
"RT @realdefdanielss: WANNA ONE MUSIC SHOWS TROPHIES 👍🏆

Energetic - 🏆🏆🏆🏆🏆🏆🏆🏆🏆🏆🏆🏆🏆🏆🏆 

Beautiful - 🏆🏆🏆🏆🏆🏆🏆🏆

I.P.U. - 🏆🏆

Boomerang - 🏆🏆🏆🏆🏆🏆…",,POSITIVE,75.79905986785889
"RT @maydeerjelly510: 🎉 #SpringBreeze1stWin 🎉
https://t.co/voP06RcRZT
181125 #워너원 #배진영 #WannaOne #BAEJINYOUNG #MAMAVOTE https://t.co/LudNwQp…","SpringBreeze1stWin, 워너원, 배진영, WannaOne, BAEJINYOUNG, MAMAVOTE, ",POSITIVE,75.79905986785889
RT @imnotgigihadid: Aku dtg gardens sbb nk shopping sephora skali BELLA HADID!!!! Omg berlari aku https://t.co/I0AFk9y82u,,POSITIVE,75.920569896698
"RT @realdefdanielss: WANNA ONE MUSIC SHOWS TROPHIES 👍🏆

Energetic - 🏆🏆🏆🏆🏆🏆🏆🏆🏆🏆🏆🏆🏆🏆🏆 

Beautiful - 🏆🏆🏆🏆🏆🏆🏆🏆

I.P.U. - 🏆🏆

Boomerang - 🏆🏆🏆🏆🏆🏆…",,POSITIVE,75.79905986785889
RT @Praewa_wt: จนวนวได้ #SpringBreeze1stWin แล้วก็ยังไม่ได้แจก งั้นขอแจกพร้อมกันเลยนะคะ เดี๋ยว 20.30 มาสุ่มค้าบบ https://t.co/vrSfqKLtN2,"SpringBreeze1stWin, ",POSITIVE,75.79905986785889
"RT @habbo_94: #하성운 
#SpringBreeze1stWin 
https://t.co/F1vGflky5V
https://t.co/mn2dsRS5JU https://t.co/Ny6yF4tfug","하성운, SpringBreeze1stWin, ",POSITIVE,75.79905986785889
RT @MataNajwa: Ungkapkan keresahan atau harapanmu seperti contoh-contoh di bawah ini dengan akses di: https://t.co/t9S1gAXl4E untuk downloa…,,POSITIVE,75.79905986785889
"RT @WannaOne_twt: [#워너원데이] 워너블의 마음을 한가득 따뜻하게 만들어준 오늘 더쇼 잘 보셨나요? 워너원은 워너블이 안겨준 선물 덕에 핫팩이 따로 필요 없을 정도에요(˃̶᷄‧̫ ˂̶᷅๑ ) 오늘 너무 고맙고 우리 내일 또 봐요💕
#S…","워너원데이, ",POSITIVE,75.79905986785889
"RT @infosuporter: Mbak Najuwa kami ikutan
#MataNajwaPSSIBisaApa ya.
@MataNajwa https://t.co/RoH69SeEnX","MataNajwaPSSIBisaApa, ",POSITIVE,75.11647343635559
"RT @0u0pp: #SpringBreeze1stWin

181127 더쇼 워너원 술래 (1/2) https://t.co/HibnljwsDQ","SpringBreeze1stWin, ",POSITIVE,75.79905986785889
"RT @Itsztampcy: ไปค่ะ ฉลอง 1st win 🎉🎉
แจกเสื้อ HEC KOREACONCERT ✔
เป็นของออฟนะคะ  เป็นไซส์ M ทั้งหมดค่า แจก 5 ตัวนะคะ
แจกเพราะคะแนนเต็มด้วย…",,POSITIVE,75.79905986785889
"RT @JH_talk_2_U: Dari zaman bung Karno sampai era pak SBY tidak pernah ada tudingan Mesjid Terpapar Radikal.
Hanya Era rezim Jkw ini ada st…",,POSITIVE,76.20335221290588
"RT @thatsmyjh: รีไปเลย แจก 100 บาท
สุ่มตอนจบโปรโมท ไปดูmvกันเยอะๆ
#SpringBreeze1stWin https://t.co/Mw6ZyYXQ6M","SpringBreeze1stWin, ",POSITIVE,75.79905986785889
"RT @WannaOne_twt: [#워너원데이] 워너블의 마음을 한가득 따뜻하게 만들어준 오늘 더쇼 잘 보셨나요? 워너원은 워너블이 안겨준 선물 덕에 핫팩이 따로 필요 없을 정도에요(˃̶᷄‧̫ ˂̶᷅๑ ) 오늘 너무 고맙고 우리 내일 또 봐요💕
#S…","워너원데이, ",POSITIVE,75.79905986785889
"RT @chamwink: we scored 10000 points which is a perfect score!!! congrats wanna one 😭💕 

#봄바람1stWin #SpringBreeze1stWin https://t.co/HXfUPP…","봄바람1stWin, SpringBreeze1stWin, ",POSITIVE,76.00427865982056
"RT @wannaone_strm: 🎉워너원 ’’봄바람” 더쇼 1위를 축하합니다🎉

워너원 “봄바람” 첫 1위 축하해요🏆
음악방송 축하 너무 오랜만이라 더 행복해요❤️
워너블 일주일동안 함께 달려줘서 고마워요! 더 많은 트로피를 가지러 함께 달려요💪🏻…",,POSITIVE,75.79905986785889
Ini orang nemu dimana sih??  Rugi banyak lah @ILCtv1 ngundang dia,,POSITIVE,76.73125267028809
"RT @Army_Bo12: 🤗แงงงดีใจได้ถ้วยแล้วว แจก 10บาท (วอลเล็ต) 1คน รีโล้ดดดดดดด
เดี๋ยวมาสุ่ม พน ค่าา ❤
#SpringBreeze1stWin","SpringBreeze1stWin, ",POSITIVE,75.79905986785889
RT @Danik_Forever96: เสียงแดนเพราะมากๆๆๆๆ ภูมิใจในความฝึกฝนและพยายามนะแดนนน  เก่งมากๆ หล่อมากๆ ด้วยยย 👏🏻👏🏻👏🏻👏🏻 #강다니엘 #SpringBreeze1stWin ht…,"강다니엘, SpringBreeze1stWin, ",POSITIVE,75.79905986785889
RT @NielongTaken: สุดยอดไปเลยครับ ดีใจกับน้องๆด้วยนะครับ  🎉🎉🎉 #SpringBreeze1stWin  https://t.co/vsWunkcpHS,"SpringBreeze1stWin, ",POSITIVE,75.79905986785889
"RT @Unique_Card: @ILCtv1 @psi_id @GunRomli @karniilyas Orang yg tidak bisa menjelaskan secara sederhana,  kemungkinan dia tidak menguasai p…",,POSITIVE,72.72390127182007
"RT @DDnxShop: ฉลองถ้วยแรกของเพลงนี้แงงงง เก่งกันมากๆเลยT_T 

แจกเงิน100บาท เข้าบช./วอลเลต/พร้อมเพย์ได้หมด แจก1คน

รีทวิตอย่างเดียวพอ ฟอลก็ไ…",,POSITIVE,75.79905986785889
"RT @Kimwanna89: #SpringBreeze1stWin
กลี๊ดดดดดด น้องเก่งมากวินอีกแล้ว มาคะแจกอยากแจก 11 บ. 
ฟลวเค้าน้าาา อยากแจกฟลว 🎃🎉😳","SpringBreeze1stWin, ",POSITIVE,75.79905986785889
"RT @NurAfifah: Sorry not sorry  , every woman is beautiful in her own way https://t.co/N5eESGOM4B",,POSITIVE,76.96276903152466
@msahnan2 @ILCtv1 @karniilyas @Pak_JK Pilih pemimpin yang soleh #ILCMasjidTerpaparRadikal,"ILCMasjidTerpaparRadikal, ",POSITIVE,75.98488330841064
"RT @panwinkrain_: แจกเงิน 50 บาท 
1 คน 
ประกาศคือแล้วแต่ใจแต่เร็วๆนี้
รีไปเล้ยย
#SpringBreeze1stWin","SpringBreeze1stWin, ",POSITIVE,75.79905986785889
"RT @WannaOne_twt: [#워너원데이] 워너블의 마음을 한가득 따뜻하게 만들어준 오늘 더쇼 잘 보셨나요? 워너원은 워너블이 안겨준 선물 덕에 핫팩이 따로 필요 없을 정도에요(˃̶᷄‧̫ ˂̶᷅๑ ) 오늘 너무 고맙고 우리 내일 또 봐요💕
#S…","워너원데이, ",POSITIVE,75.79905986785889
"RT @WannaOne_twt: [#워너원데이] 워너블의 마음을 한가득 따뜻하게 만들어준 오늘 더쇼 잘 보셨나요? 워너원은 워너블이 안겨준 선물 덕에 핫팩이 따로 필요 없을 정도에요(˃̶᷄‧̫ ˂̶᷅๑ ) 오늘 너무 고맙고 우리 내일 또 봐요💕
#S…","워너원데이, ",POSITIVE,75.79905986785889
RT @betelleaves: #SpringBreeze1stWin  รีอันนี้นะคะ  10.30 น.เราจะมาสุ่มให้ค่ะ จากคนที่รีอันนี้น้าาา,"SpringBreeze1stWin, ",POSITIVE,75.79905986785889
"RT @minmybae_: เนื่องจากวันนี้หนุ่มๆชนะในรายการเพลงเราแจกให้หมดเลย 1 คน รีทวิตโล้ดดดดดดด จะฟอลด้วยก็ได้น้าา5555
ปุกาศวันพน.4ทุ่มนะคะ💜💜💜😍😍…",,POSITIVE,75.79905986785889
RT @Hendrik_smd: Gamlang bicaranya pak JK #ILCMasjidTerpaparRadikal https://t.co/iPqhewCUKF,"ILCMasjidTerpaparRadikal, ",POSITIVE,75.79905986785889
"RT @Lean_days: แจกเงิน100บาท
รีไปเลยควั่บบบบบ 😚❤️

ประกาศ22:00 #SpringBreeze1stWin","SpringBreeze1stWin, ",POSITIVE,75.79905986785889
"RT @95xSTORE_: ˖ ̷ ̷❮♡̶ แจก 🎉° ᐩ❱ ̷ ̷
เนื่องจาก #SpringBreeze1stWin
แจกสตก.ไลน์ : 2 รางวัล 
(เลือกลายได้เองนะคะ)
🔥กติกา : ฟอล + รีทวิต
ประก…","SpringBreeze1stWin, ",POSITIVE,75.79905986785889
"RT @WannaOne_twt: [#워너원데이] 워너블의 마음을 한가득 따뜻하게 만들어준 오늘 더쇼 잘 보셨나요? 워너원은 워너블이 안겨준 선물 덕에 핫팩이 따로 필요 없을 정도에요(˃̶᷄‧̫ ˂̶᷅๑ ) 오늘 너무 고맙고 우리 내일 또 봐요💕
#S…","워너원데이, ",POSITIVE,75.79905986785889
"RT @bang_dw: Agus Muhammad nya JIL nieh | wah kalo BIN pake data dari dia | udah ketaker agenda nya 

#ILCMasjidTerpaparRadikal 

😤 https:/…","ILCMasjidTerpaparRadikal, ",POSITIVE,77.0714819431305
"RT @wannableidaehwi: ตะหวัดดีคั้บ วันนี้วนว.ได้ 1st win แล้วเย่
แจกๆ 
111 บาท + เฟรม วนว. 11*14 นิ้ว
และเราขอสุ่มจากอันนี้นะคะหาอันเก่าไม่เ…",,POSITIVE,75.79905986785889
RT @PenguinONGONG: congratulations! 🎉 #SpringBreeze1stWin https://t.co/IOeF09ypWR,"SpringBreeze1stWin, ",POSITIVE,75.79905986785889
"RT @refty_fachri: Si @GunRomli dari jaman nya flintstone argumen nya mentok di situ2 aja trus, sekali2 di upgrade kek.. 5555
#ILCMasjidTerp…",,POSITIVE,75.4842460155487
RT @L_patcharakim: (รีทวิต🍳) สุ่มแจกฟตก. Pleasia จีฮุน 1 ใบ รบกวนออกค่าส่งเอง 20฿ 🙏🏻 สุ่มหลังจากเราสอบไฟนอลเสร็จนะคะ #SpringBreeze1stWin #W…,"SpringBreeze1stWin, ",POSITIVE,75.79905986785889
"RT @WannaOne_twt: [#워너원데이] 워너블의 마음을 한가득 따뜻하게 만들어준 오늘 더쇼 잘 보셨나요? 워너원은 워너블이 안겨준 선물 덕에 핫팩이 따로 필요 없을 정도에요(˃̶᷄‧̫ ˂̶᷅๑ ) 오늘 너무 고맙고 우리 내일 또 봐요💕
#S…","워너원데이, ",POSITIVE,75.79905986785889
RT @zingerburgers: none of yall who met bella hadid asked where she did her nose job...? im disappointed it would have been SO helpful for…,,POSITIVE,73.71385097503662
"RT @minmybae_: เนื่องจากวันนี้หนุ่มๆชนะในรายการเพลงเราแจกให้หมดเลย 1 คน รีทวิตโล้ดดดดดดด จะฟอลด้วยก็ได้น้าา5555
ปุกาศวันพน.4ทุ่มนะคะ💜💜💜😍😍…",,POSITIVE,75.79905986785889
"RT @my_baejy: แจกฉลองถ้วยแรกน้องค่าา😚😭🙏🙏
เงิน11฿ 11คนงั้บบฮื่อออ
กติกา รีไว้เลยยฟอลไว้ก็ได้ค่า
(ไม่แท็คน้ารงต.2นาที)
ปก.1ธ.คงั้บ
#WannaSpri…",,POSITIVE,75.79905986785889
RT @dasobeautiful: รีอย่างเดียว แจกkkt แดเนียลค่ะ จะประกาศผลพรุ่งนี้!!!  #SpringBreeze1stWin,"SpringBreeze1stWin, ",POSITIVE,75.79905986785889
"RT @WannaOne_twt: [#워너원데이] 워너블의 마음을 한가득 따뜻하게 만들어준 오늘 더쇼 잘 보셨나요? 워너원은 워너블이 안겨준 선물 덕에 핫팩이 따로 필요 없을 정도에요(˃̶᷄‧̫ ˂̶᷅๑ ) 오늘 너무 고맙고 우리 내일 또 봐요💕
#S…","워너원데이, ",POSITIVE,75.79905986785889
"RT @jkvjmjhwi_: แจก 🎉🎊 น้องแดฮวี #이대휘 #DAEHWI 
รีทวิตนี้อย่างเดียวเลย 
•โปสเตอร์A4 
•การ์ด + สตก. 
แจกให้คนที่เอ็นดูน้องค่ะ 🐥💛 
ประกาศตอนไ…","이대휘, DAEHWI, ",POSITIVE,75.79905986785889
"RT @WANNAONE_TH: [INFO] เพลง Spring Breeze เป็นเพลงที่ 3 ที่มีคะแนนสูงสุดในรายการ The Show ด้วยคะแนน 10,000 คะแนนค่ะ🏆 

#SpringBreeze1stWin…","SpringBreeze1stWin, ",POSITIVE,75.79905986785889
"RT @mintbeyun: แจกยาสีฟันรสน้องจีฮุน เนื่องจากปาทับใจ ♡ 
สุ่มจากรีทวิต+ฟอลด้วยก็ได้   #SpringBreeze1stWin https://t.co/LgIYaxekGf","SpringBreeze1stWin, ",POSITIVE,75.79905986785889
RT @svnbf7_: แจก11บาท มีน้อยแต่อยากแจก มาเร้ว #SpringBreeze1stWin,"SpringBreeze1stWin, ",POSITIVE,75.79905986785889
RT @Lury_yonna: Orang yang tidak bisa menyampaikan sesuatu dengan sederhana bisa jadi dia sendiri tidak Memahaminya  -kutipan - #karniilyas…,"karniilyas, ",POSITIVE,75.29928088188171
"RT @0u0pp: #SpringBreeze1stWin

181127 더쇼 워너원 봄바람 (2/2) https://t.co/L1s7eQFTS7","SpringBreeze1stWin, ",POSITIVE,75.79905986785889
"RT @soompi: WATCH: #WannaOne Takes #SpringBreeze1stWin With Perfect Score On ""The Show"" https://t.co/eAhaDEXs4Q https://t.co/GfhSX6pJA9","WannaOne, SpringBreeze1stWin, ",POSITIVE,75.79905986785889
"RT @deepinrealsky_: Give Away! 🌸 รีอย่างเดียวจ้า
หรือจะฟอลก็ได้ เราแจกเรื่อยๆ 🧸! !
เนื่องใน #SpringBreeze1stwin ของหนุ่มๆ #WANNAONE ที่เรา…","SpringBreeze1stwin, WANNAONE, ",POSITIVE,75.79905986785889
"RT @muimeemum: เนื่องจากวนว.ได้ 1st win
แจกคนละชิ้น
รี+ฟอล
ไม่เสียค่าส่งค่า 
สุ่ม21:30
 #SpringBreeze1stWin https://t.co/AAcUGIBbRo","SpringBreeze1stWin, ",POSITIVE,75.79905986785889
RT @hwbhyunbinkidx: เนื่องจากเพลงแฟนผมได้เฟิร์สวินแจก 50c 3คนครับ สุ่มจากรีวันอาทิตย์ #SpringBreeze1stWin,"SpringBreeze1stWin, ",POSITIVE,75.79905986785889
"RT @WannaOne_twt: [#워너원데이] 워너블의 마음을 한가득 따뜻하게 만들어준 오늘 더쇼 잘 보셨나요? 워너원은 워너블이 안겨준 선물 덕에 핫팩이 따로 필요 없을 정도에요(˃̶᷄‧̫ ˂̶᷅๑ ) 오늘 너무 고맙고 우리 내일 또 봐요💕
#S…","워너원데이, ",POSITIVE,75.79905986785889
"RT @Winkkyboy_JH: เนื่องจากได้10,000แต้มเป็นครั้งที่ 3  
แม่ประทับใจมาก  

ขออนุญาติแจก
 40 บาท 1 คน 
 11 บาท 10 คน  
= #แจก11 คนจ้า

รี+ฟอ…","แจก11, ",POSITIVE,75.79905986785889
"RT @KangDan67893358: เก่งมากๆเลย 💓 
รี+ฟอล แจก 10.12฿ 2คน
ปก.วันเกิดเเดน 🎂
#SpringBreeze1stWin #wannaone https://t.co/IFugbe2Hs6","SpringBreeze1stWin, wannaone, ",POSITIVE,75.79905986785889
"RT @PunDaoEH: 🥰 WIN 1 ถ้วยแล้ววว 
แจกบั้มไม่แกะ 1 บั้มจ้าาา รีโลดดด
สุ่มพรุ่งนี้(พุธ28)  20.00 น. 🌟📚🌠
 #워너원 #wannaone
#봄바람1stWin #SpringBre…","워너원, wannaone, 봄바람1stWin, ",POSITIVE,75.79905986785889
"RT @itc940322: https://t.co/MPt6p7S7Dk
#하성운 #SpringBreeze1stWin https://t.co/aCh9WB6zOC","하성운, SpringBreeze1stWin, ",POSITIVE,75.79905986785889
"RT @muimeemum: เนื่องจากวนว.ได้ 1st win
แจกคนละชิ้น
รี+ฟอล
ไม่เสียค่าส่งค่า 
สุ่ม21:30
 #SpringBreeze1stWin https://t.co/AAcUGIBbRo","SpringBreeze1stWin, ",POSITIVE,75.79905986785889
"RT @WANNAONETH_: [🏆] 181127 หนุ่มๆวอนนาวันได้อันดับที่ 1 จากรายการ The Show ด้วยคะแนน 10,000 คะแนนค่ะ ขอแสดงความยินดีกับหนุ่มๆด้วยนะคะ🎉✨ #S…",,POSITIVE,75.79905986785889
"RT @wannableidaehwi: ตะหวัดดีคั้บ วันนี้วนว.ได้ 1st win แล้วเย่
แจกๆ 
111 บาท + เฟรม วนว. 11*14 นิ้ว
และเราขอสุ่มจากอันนี้นะคะหาอันเก่าไม่เ…",,POSITIVE,75.79905986785889
"RT @PunDaoEH: 🥰 WIN 1 ถ้วยแล้ววว 
แจกบั้มไม่แกะ 1 บั้มจ้าาา รีโลดดด
สุ่มพรุ่งนี้(พุธ28)  20.00 น. 🌟📚🌠
 #워너원 #wannaone
#봄바람1stWin #SpringBre…","워너원, wannaone, 봄바람1stWin, ",POSITIVE,75.79905986785889
"RT @95xSTORE_: ˖ ̷ ̷❮♡̶ แจก 🎉° ᐩ❱ ̷ ̷
เนื่องจาก #SpringBreeze1stWin
แจกสตก.ไลน์ : 2 รางวัล 
(เลือกลายได้เองนะคะ)
🔥กติกา : ฟอล + รีทวิต
ประก…","SpringBreeze1stWin, ",POSITIVE,75.79905986785889
RT @GiftbyGiftziiez: แจกวอลเลทสำหรับถ้วยแรก ประเดิมกั๊บ💗 50 บาทเด้อ ให้ทั้งฟลว.กับวนบ.หรือทุกคนที่เอ็นดูวนว. 😭✌🏻 ขอให้มีถ้วยเรื่อยๆตามมานะเ…,,POSITIVE,75.79905986785889
"RT @Fill_ctp: มาถ้วยแรกกก ฮือออจะร้องไห้ 
-แจกตัง 10บ 3 คน ไม่แท๊กนะ
ขอคนที่มีพร้อมเพย์นะคะ ดีใจและขอบคุณความพยายามของทุกคนนะㅠㅠㅠ #SpringBre…",,POSITIVE,75.79905986785889
"RT @WANNAONE_TH: [INFO] เพลง Spring Breeze เป็นเพลงที่ 3 ที่มีคะแนนสูงสุดในรายการ The Show ด้วยคะแนน 10,000 คะแนนค่ะ🏆 

#SpringBreeze1stWin…","SpringBreeze1stWin, ",POSITIVE,75.79905986785889
RT @Mirazrinaa: Sorry not sorry scha alyahya prettier than bella hadid https://t.co/qM1b3UQ1Ga,,POSITIVE,75.82987546920776
"RT @WannaOne_twt: [#워너원데이] 워너블의 마음을 한가득 따뜻하게 만들어준 오늘 더쇼 잘 보셨나요? 워너원은 워너블이 안겨준 선물 덕에 핫팩이 따로 필요 없을 정도에요(˃̶᷄‧̫ ˂̶᷅๑ ) 오늘 너무 고맙고 우리 내일 또 봐요💕
#S…","워너원데이, ",POSITIVE,75.79905986785889
RT @callmepjh: แจกค่ะ เนื่องจากหนุ่มๆๆๆของเราได้ที่1 😭 รีไปเลยค่ะไม่ต้องฟอลก็ได้รีเลยจ้าาาา ประกาศพรุ่งนี้ตอน 6:00 นะคะ #springbreeze1stwin…,"springbreeze1stwin, ",POSITIVE,75.79905986785889
Tema #ILCMasjidTerpaparRadikal ini cuma bakal bikin debat kusir aja mempertajam saling benci yg gak pernah sampe se… https://t.co/HxCSmjdr8G,"ILCMasjidTerpaparRadikal, ",POSITIVE,79.19250130653381
"RT @pamsmtzx: - แจกโพลาลอยด์น้องอูจินค้าบเนื่องในโอกาสที่วนวในถ้วยแรก💫
- แค่รีอย่างเดียวฮับบ
- สุ่มวันที่30พ.ย เวลา20:30✨
#ตลาดนัดWANNAONE️…","ตลาดนัดWANNAONE️, ",POSITIVE,75.79905986785889
RT @ezzhasya: @Mirazrinaa both of them are pretty. jangan sampai bella hadid pula kata dia disappointed dengan rakyat malaysia punya attitu…,,POSITIVE,75.95505118370056
RT @KuanlinTH: [🏆] 181127 เพลง ‘봄바람 (Spring Breeze)’ ของหนุ่มๆ #WannaOne ได้รับอันดับที่ 1 ในรายการ The Show วันนี้ค่ะ เป็นเฟิร์สวินเลย ยิน…,"WannaOne, ",POSITIVE,75.79905986785889
"RT @chandra_CoNdOl: @NajwaShihab
#MataNajwaPSSIBisaApa
KONI dan MENPORA harus ambil tindakan https://t.co/fydvLgMRRZ","MataNajwaPSSIBisaApa, ",POSITIVE,75.75940489768982
RT @selowkan: Saya lejih merisaukan masjid kosong daripada isu fiktif masjid terpapar radilal #ILCMasjidTerpaparRadikal,"ILCMasjidTerpaparRadikal, ",POSITIVE,76.1228621006012
"RT @soompi: WATCH: #WannaOne Makes Comeback On ""The Show"" With ""Spring Breeze"" And ""Hide And Seek"" #SpringBreeze1stWin https://t.co/eAhaDEX…","WannaOne, SpringBreeze1stWin, ",POSITIVE,75.79905986785889
"RT @itc940322: https://t.co/MPt6p7S7Dk
#하성운 #SpringBreeze1stWin https://t.co/aCh9WB6zOC","하성운, SpringBreeze1stWin, ",POSITIVE,75.79905986785889
"RT @ongshot: ✨

#SpringBreeze1stWin
#옹성우 #ONGSEONGWU https://t.co/kgroB22xfI","SpringBreeze1stWin, 옹성우, ONGSEONGWU, ",POSITIVE,75.79905986785889
RT @kangdanielpart: #SpringBreeze1stWin https://t.co/kj2Vnt280B,"SpringBreeze1stWin, ",POSITIVE,75.79905986785889
"RT @pxxkjh: (💘) แจกสร้อยคอไนท์คริสตัล 1 เส้นงับ
ฟอล @vipxxw +รีทวิต
ประกาศวันเกิดน้งแดน #SpringBreeze1stWin ⭐ https://t.co/kkW7YUrnca","SpringBreeze1stWin, ",POSITIVE,75.79905986785889
"RT @Fnz_Kpop: แจก‼️ เครื่องรางญี่ปุ่น

จะประกาศผลแล้วน้า

#SpringBreeze1stWin #ThankUSooooMuch #NESTIVAL2018 #BLACKPINK2019WORLDTOURinbkk #…","SpringBreeze1stWin, ThankUSooooMuch, NESTIVAL2018, BLACKPINK2019WORLDTOURinbkk, ",POSITIVE,75.79905986785889
"Setuju, lumayan banyak dulu dongkrak nilai raport. Hehehe",,POSITIVE,75.80228447914124
"RT @peach_btwin: แจก!!! 101฿ 1 คน 
           11฿ 1 คนรีเลยยยย
#SpringBreeze1stwin 🌀🥳","SpringBreeze1stwin, ",POSITIVE,75.79905986785889
"RT @HWANGMINHYUN_TH: [🎬] ยินดีกับหนุ่มๆ #WANNAONE ด้วยนะคะ วันนี้ได้ #SpringBreeze1stWIN จากรายการ THE SHOWค่ะ 😭💕🎉

#황민현 #ฮวังมินฮยอน #มินฮ…","WANNAONE, SpringBreeze1stWIN, 황민현, ฮวังมินฮยอน, ",POSITIVE,75.79905986785889
Pancasila itu sudah finish bukan final. Kata @rockygerung #ILCMasjidTerpaparRadikal,"ILCMasjidTerpaparRadikal, ",POSITIVE,74.99882578849792
"RT @blooxxxxxx: ฉลองน้องๆได้เฟิร์สวิน💓 #SpringBreeze1stWin 
แค่รีทวิต แจก10/5บาท 3 คน
#WANNAONE","SpringBreeze1stWin, WANNAONE, ",POSITIVE,75.79905986785889
"RT @WannaOne_twt: [#워너원데이] 워너블의 마음을 한가득 따뜻하게 만들어준 오늘 더쇼 잘 보셨나요? 워너원은 워너블이 안겨준 선물 덕에 핫팩이 따로 필요 없을 정도에요(˃̶᷄‧̫ ˂̶᷅๑ ) 오늘 너무 고맙고 우리 내일 또 봐요💕
#S…","워너원데이, ",POSITIVE,75.79905986785889
"RT @Itsztampcy: ไปค่ะ ฉลอง 1st win 🎉🎉
แจกเสื้อ HEC KOREACONCERT ✔
เป็นของออฟนะคะ  เป็นไซส์ M ทั้งหมดค่า แจก 5 ตัวนะคะ
แจกเพราะคะแนนเต็มด้วย…",,POSITIVE,75.79905986785889
"RT @andiWz82: Bang karni mantep banget nyari kata2 dah...abis gunRomli cape2 ngomong penutupnya nampar bgt, wkwkkk.... #ILCMasjidTerpaparRa…",,POSITIVE,73.52972626686096
RT @HypeMY: Bella Hadid and her Nasi Lemak experience. https://t.co/1VgVL704Ak,,POSITIVE,75.89219808578491
RT @kyallenz: Stop degrading other women just because you want to give one your praise. Don’t ever compliment a woman by insulting another…,,POSITIVE,76.81742310523987
"RT @imam_nahrawi: Mbak @najwashihab saya izin ikut upload ya. Semoga bisa jadi hasil baik untuk kemajuan sepakbola Indonesia. 

#MataNajwaP…",,POSITIVE,78.02862524986267
"RT @RajaPurwa: Guntur Romli dah ngoceh dari A ampe Z,  ehhh ditutup ama @karniilyas , orang yang tidak mampu menjelaskan dengan bahasa sede…",,POSITIVE,64.42682147026062
"RT @HWANGMINHYUN_TH: [🎬] ยินดีกับหนุ่มๆ #WANNAONE ด้วยนะคะ วันนี้ได้ #SpringBreeze1stWIN จากรายการ THE SHOWค่ะ 😭💕🎉

#황민현 #ฮวังมินฮยอน #มินฮ…","WANNAONE, SpringBreeze1stWIN, 황민현, ฮวังมินฮยอน, ",POSITIVE,75.79905986785889
RT @ILCtv1: #ILCMasjidTerpaparRadikal | @haikal_hassan @ustadtengkuzul TVONE SEKARANG! https://t.co/XtZ9iwOHr9,"ILCMasjidTerpaparRadikal, ",POSITIVE,75.78939199447632
"RT @WannaOne_twt: [#워너원데이] 워너블의 마음을 한가득 따뜻하게 만들어준 오늘 더쇼 잘 보셨나요? 워너원은 워너블이 안겨준 선물 덕에 핫팩이 따로 필요 없을 정도에요(˃̶᷄‧̫ ˂̶᷅๑ ) 오늘 너무 고맙고 우리 내일 또 봐요💕
#S…","워너원데이, ",POSITIVE,75.79905986785889
"RT @WannaOne_twt: [#워너원데이] 워너블의 마음을 한가득 따뜻하게 만들어준 오늘 더쇼 잘 보셨나요? 워너원은 워너블이 안겨준 선물 덕에 핫팩이 따로 필요 없을 정도에요(˃̶᷄‧̫ ˂̶᷅๑ ) 오늘 너무 고맙고 우리 내일 또 봐요💕
#S…","워너원데이, ",POSITIVE,75.79905986785889
"RT @PunDaoEH: 🥰 WIN 1 ถ้วยแล้ววว 
แจกบั้มไม่แกะ 1 บั้มจ้าาา รีโลดดด
สุ่มพรุ่งนี้(พุธ28)  20.00 น. 🌟📚🌠
 #워너원 #wannaone
#봄바람1stWin #SpringBre…","워너원, wannaone, 봄바람1stWin, ",POSITIVE,75.79905986785889
"RT @SeongWu367: 181125 상암팬싸
 #옹성우 #성우 #OngSeongwu #워너원 #WANNAONE #봄바람 #SpringBreeze1stWin https://t.co/ooOmRHa4AJ","옹성우, 성우, OngSeongwu, 워너원, WANNAONE, 봄바람, SpringBreeze1stWin, ",POSITIVE,75.79905986785889
"RT @kxnxkrxt_: ♡แจกกก เพราะผู้ชายของเราเฟิร์สวินน #SpringBreeze1stWin 🎉
💌แจกธีมไลน์ 50c 1 คน
💌สติ๊กเกอร์ไลน์ 50c 1 คน
รีอย่างเดียวเลยค่าา ใ…","SpringBreeze1stWin, ",POSITIVE,75.79905986785889
"RT @P_PanGkoki: 🏆 เย้ๆๆ ถ้วยเเรกกก ☺️
ยินดีด้วยนะคับบบบบบบบ  🎉
  #WANNAONE   #SpringBreeze1stWin https://t.co/X4dBONTEZD","WANNAONE, SpringBreeze1stWin, ",POSITIVE,75.79905986785889
"RT @WANNAONE_TH: [🎉] เพลง Spring Breeze ได้อันดับ 1 ในรายการ The Show ประจำสัปดาห์นี้ค่ะ  🏆

#SpringBreeze1stWin 
#워너원 #WannaOne https://t.…","SpringBreeze1stWin, 워너원, WannaOne, ",POSITIVE,75.79905986785889
"RT @wannaone_strm: 🎉워너원 ’’봄바람” 더쇼 1위를 축하합니다🎉

워너원 “봄바람” 첫 1위 축하해요🏆
음악방송 축하 너무 오랜만이라 더 행복해요❤️
워너블 일주일동안 함께 달려줘서 고마워요! 더 많은 트로피를 가지러 함께 달려요💪🏻…",,POSITIVE,75.79905986785889
"RT @imam_nahrawi: Mbak @najwashihab saya izin ikut upload ya. Semoga bisa jadi hasil baik untuk kemajuan sepakbola Indonesia. 

#MataNajwaP…",,POSITIVE,78.02862524986267
"RT @my_baejy: แจกฉลองถ้วยแรกน้องค่าา😚😭🙏🙏
เงิน11฿ 11คนงั้บบฮื่อออ
กติกา รีไว้เลยยฟอลไว้ก็ได้ค่า
(ไม่แท็คน้ารงต.2นาที)
ปก.1ธ.คงั้บ
#WannaSpri…",,POSITIVE,75.79905986785889
"RT @habbo_94: #하성운 
#SpringBreeze1stWin 
https://t.co/PEfyCuMB1I
https://t.co/bhMmyszboY https://t.co/vDQS5ogFL9","하성운, SpringBreeze1stWin, ",POSITIVE,75.79905986785889
"RT @fdhfgh22675854: รีทวิต
แจกเงิน11บาท1คน ประกาศ5ทุ่ม(ฟอลก็ได้ไม่ฟอลก็ได้) #SpringBreeze1stWin","SpringBreeze1stWin, ",POSITIVE,75.79905986785889
"RT @xxmnsx: เฟิสวินพอดี ❤️
📌แจกเพราะมาสแถมมาให้ เป็นกระจกแฟนอาร์ตองเนียลจากมาส @.J88on

💚รีทวิตนี้+เมนชั่นรูปเนียลอง
   **ฟอลไม่ฟอลก็ได้งับ…",,POSITIVE,75.79905986785889
"RT @_____nnrefixB: เนื่องจากวันนี้มีแต่เรื่องดีๆ✨
แจก พลร.ไซส์2*3 กันน้ำ 1รางวัล(คนเดียวได้หมดนี่เลยย)
🚩กติกา : รีทวิตนี้
‼️ส่งฟรีไปเลยย เร…",,POSITIVE,75.79905986785889
RT @hwbhyunbinkidx: เนื่องจากเพลงแฟนผมได้เฟิร์สวินแจก 50c 3คนครับ สุ่มจากรีวันอาทิตย์ #SpringBreeze1stWin,"SpringBreeze1stWin, ",POSITIVE,75.79905986785889
"@EstebanFps @realmadrid @Benzema @GarethBale11 @Cristiano @Cristiano le hizo 5 goles al espanyol en liga, podría hacerlos en champions.",,POSITIVE,77.31853723526001
RT @kyallenz: Stop degrading other women just because you want to give one your praise. Don’t ever compliment a woman by insulting another…,,POSITIVE,76.81742310523987
"RT @RajaPurwa: Guntur Romli dah ngoceh dari A ampe Z,  ehhh ditutup ama @karniilyas , orang yang tidak mampu menjelaskan dengan bahasa sede…",,POSITIVE,64.42682147026062
"RT @refty_fachri: Mntap ustd tengku zul.. *Adil itu dari bhs Arab, Islam lah yg membawa keadilan di Indonesia.. Alhamdulillah nambah ilmu😊❤…",,POSITIVE,79.48826551437378
RT @DNKL____: แจกเงิน 11 บาท ฉลองให้กับถ้วยแรกของหนุ่มๆ 🏆🎉  rt อย่างเดียวนะคะ ขอคนมีบช.นะ เราไม่มีวอลเลท😚  #wannaone #SpringBreeze1stWin,"wannaone, SpringBreeze1stWin, ",POSITIVE,75.79905986785889
"RT @angaekkott: 안녕하새오 하얗고 예븐 조랭이떡이에오
#하성운 #SpringBreeze1stWin
https://t.co/y8LFheu4dI https://t.co/y5IXykVNz8","하성운, SpringBreeze1stWin, ",POSITIVE,75.79905986785889
"RT @pudding_129: 만점으로 더쇼 봄바람 1위 !!  
#Springbreeze1stWin https://t.co/p6989kQ2ok","Springbreeze1stWin, ",POSITIVE,75.79905986785889
RT @bbbapbie: ได้ถ้วยแรกแล้ว🎉🏆 สุ่มแจกเงิน 11.11  1คน รีอย่างเดียวไม่ต้องฟอลงับ 💘💘💘💘 สุ่ม4ทุ่มนะ #SpringBreeze1stWin https://t.co/YwTaISqzbY,"SpringBreeze1stWin, ",POSITIVE,75.79905986785889
RT @Danik_Forever96: เสียงแดนเพราะมากๆๆๆๆ ภูมิใจในความฝึกฝนและพยายามนะแดนนน  เก่งมากๆ หล่อมากๆ ด้วยยย 👏🏻👏🏻👏🏻👏🏻 #강다니엘 #SpringBreeze1stWin ht…,"강다니엘, SpringBreeze1stWin, ",POSITIVE,75.79905986785889
@PackFutbol Lo q está claro es DAZN puede tener la champions y liga si llega a un acuerdo con Movistar conforme tri… https://t.co/akLBiZM5nJ,,POSITIVE,75.81962943077087
RT @NabilHussein: Let's just agree both of them are prettier than you sorry not sorry https://t.co/uL5GvZtQFq,,POSITIVE,75.44066309928894
"RT @Army_Bo12: 🤗แงงงดีใจได้ถ้วยแล้วว แจก 10บาท (วอลเล็ต) 1คน รีโล้ดดดดดดด
เดี๋ยวมาสุ่ม พน ค่าา ❤
#SpringBreeze1stWin","SpringBreeze1stWin, ",POSITIVE,75.79905986785889
#MataNajwaPSSIBisaApa si jabatan ganda,"MataNajwaPSSIBisaApa, ",POSITIVE,75.93957781791687
@MataNajwa #MataNajwaPSSIBisaApa https://t.co/SRT1c1iV56,"MataNajwaPSSIBisaApa, ",POSITIVE,75.79905986785889
"RT @0u0pp: #SpringBreeze1stWin

181127 더쇼 워너원 봄바람 (1/2) https://t.co/tZS2csfEJW","SpringBreeze1stWin, ",POSITIVE,75.79905986785889
"RT @WannaOne_twt: [#워너원데이] 워너블의 마음을 한가득 따뜻하게 만들어준 오늘 더쇼 잘 보셨나요? 워너원은 워너블이 안겨준 선물 덕에 핫팩이 따로 필요 없을 정도에요(˃̶᷄‧̫ ˂̶᷅๑ ) 오늘 너무 고맙고 우리 내일 또 봐요💕
#S…","워너원데이, ",POSITIVE,75.79905986785889
"RT @RajaPurwa: Guntur Romli dah ngoceh dari A ampe Z,  ehhh ditutup ama @karniilyas , orang yang tidak mampu menjelaskan dengan bahasa sede…",,POSITIVE,64.42682147026062
"RT @WannaOne_twt: [#워너원데이] 워너블의 마음을 한가득 따뜻하게 만들어준 오늘 더쇼 잘 보셨나요? 워너원은 워너블이 안겨준 선물 덕에 핫팩이 따로 필요 없을 정도에요(˃̶᷄‧̫ ˂̶᷅๑ ) 오늘 너무 고맙고 우리 내일 또 봐요💕
#S…","워너원데이, ",POSITIVE,75.79905986785889
Nung comeback show nakabutones pa yan ah. So ano daniel pakitaan na ng dibdib ha,,POSITIVE,68.64051222801208
"RT @Hibelleri: มาค่ะ แจกเงิน 101 บาท
สุ่มจากรีทวิตนี้เท่านั้น
ประกาศพรุ่งนี้หลังเราเลิกงานค่ะ
 
#SpringBreeze1stWin 
#WannaoneSpringBreeze…","SpringBreeze1stWin, WannaoneSpringBreeze, ",POSITIVE,75.79905986785889
"""Sekelas BIN percaya penelitian ini, penelitian ini enggak laku kalau di Universitas Sumatera Utara, di buang di to… https://t.co/MAELVH2oye",,POSITIVE,78.15395593643188
"RT @kwlpykoom: หล่อทุกคนทำได้ดีทุกคนรักกกก
🎉แจกเงิน101 1คน 
🎉แจกเงิน111 1 คน
🎉วอลเลต10บาท 2 คน
รีไว้เลยค่ะประกาศ00:00
ปล.เมนชั้นรูปเนียลองห…",,POSITIVE,75.79905986785889
"RT @WannaOne_twt: [#워너원데이] 워너블의 마음을 한가득 따뜻하게 만들어준 오늘 더쇼 잘 보셨나요? 워너원은 워너블이 안겨준 선물 덕에 핫팩이 따로 필요 없을 정도에요(˃̶᷄‧̫ ˂̶᷅๑ ) 오늘 너무 고맙고 우리 내일 또 봐요💕
#S…","워너원데이, ",POSITIVE,75.79905986785889
RT @filmwlk: แจก101บาทค่ะ รีไว้เลย สุ่มคืนนี้4ทุ่มน้า🙆🏻‍♀️💖 #SpringBreeze1stWin #워너원 https://t.co/a0fWKAtxMO,"SpringBreeze1stWin, 워너원, ",POSITIVE,75.79905986785889
"RT @DDnxShop: ฉลองถ้วยแรกของเพลงนี้แงงงง เก่งกันมากๆเลยT_T 

แจกเงิน100บาท เข้าบช./วอลเลต/พร้อมเพย์ได้หมด แจก1คน

รีทวิตอย่างเดียวพอ ฟอลก็ไ…",,POSITIVE,75.79905986785889
RT @Danik_Forever96: เสียงแดนเพราะมากๆๆๆๆ ภูมิใจในความฝึกฝนและพยายามนะแดนนน  เก่งมากๆ หล่อมากๆ ด้วยยย 👏🏻👏🏻👏🏻👏🏻 #강다니엘 #SpringBreeze1stWin ht…,"강다니엘, SpringBreeze1stWin, ",POSITIVE,75.79905986785889
"RT @Strawbaew: YEAY!!! #SpringBreeze1stWin 
aku mau ngadain Giveaway pulsa 10k aja buat 1 orang
Rt aja!!
Gak usah follow tapi kalo mau mutu…","SpringBreeze1stWin, ",POSITIVE,78.58819961547852
"@ILCtv1 Orang yg tidak bisa menjelaskan secara sederhana,  kemungkinan dia tidak menguasai persoalan nya -albert ei… https://t.co/Ve8rO29uP7",,POSITIVE,75.56118965148926
"RT @danieldotcom_: 🎉WannaOne THE SHOW 1위를 축하합니다🎉

#봄바람 첫 1위를 축하한다녤😭
오늘도 너무 멋졌어요!!!!

#봄바람1stWin
#SpringBreeze1stWin

#워너원 #WannaOne #강다니엘 #…","봄바람, 봄바람1stWin, SpringBreeze1stWin, 워너원, WannaOne, 강다니엘, ",POSITIVE,75.79905986785889
"RT @peach_btwin: แจก!!! 101฿ 1 คน 
           11฿ 1 คนรีเลยยยย
#SpringBreeze1stwin 🌀🥳","SpringBreeze1stwin, ",POSITIVE,75.79905986785889
RT @bbbapbie: ได้ถ้วยแรกแล้ว🎉🏆 สุ่มแจกเงิน 11.11  1คน รีอย่างเดียวไม่ต้องฟอลงับ 💘💘💘💘 สุ่ม4ทุ่มนะ #SpringBreeze1stWin https://t.co/YwTaISqzbY,"SpringBreeze1stWin, ",POSITIVE,75.79905986785889
"RT @ongmp4: 더쇼 현장 스케치 봄바람

https://t.co/9IzpdeEOcG
#SpringBreeze1stWin #옹성우 1위 축하해 💙 https://t.co/bziQyENMwc","SpringBreeze1stWin, 옹성우, ",POSITIVE,75.79905986785889
RT @modernmodeIs: bella hadid https://t.co/CjcW5Iuix4,,POSITIVE,75.79905986785889
"RT @wannaone_strm: 🎉워너원 ’’봄바람” 더쇼 1위를 축하합니다🎉

워너원 “봄바람” 첫 1위 축하해요🏆
음악방송 축하 너무 오랜만이라 더 행복해요❤️
워너블 일주일동안 함께 달려줘서 고마워요! 더 많은 트로피를 가지러 함께 달려요💪🏻…",,POSITIVE,75.79905986785889
"RT @fdhfgh22675854: รีทวิต
แจกเงิน11บาท1คน ประกาศ5ทุ่ม(ฟอลก็ได้ไม่ฟอลก็ได้) #SpringBreeze1stWin","SpringBreeze1stWin, ",POSITIVE,75.79905986785889
RT @PenguinONGONG: congratulations! 🎉 #SpringBreeze1stWin https://t.co/IOeF09ypWR,"SpringBreeze1stWin, ",POSITIVE,75.79905986785889
"RT @realdefdanielss: WANNA ONE MUSIC SHOWS TROPHIES 👍🏆

Energetic - 🏆🏆🏆🏆🏆🏆🏆🏆🏆🏆🏆🏆🏆🏆🏆 

Beautiful - 🏆🏆🏆🏆🏆🏆🏆🏆

I.P.U. - 🏆🏆

Boomerang - 🏆🏆🏆🏆🏆🏆…",,POSITIVE,75.79905986785889
it's what they deserve and you can't tell me otherwise #SpringBreeze1stWin https://t.co/bxDL9Lmb37,"SpringBreeze1stWin, ",POSITIVE,75.99284052848816
"RT @my_baejy: แจกฉลองถ้วยแรกน้องค่าา😚😭🙏🙏
เงิน11฿ 11คนงั้บบฮื่อออ
กติกา รีไว้เลยยฟอลไว้ก็ได้ค่า
(ไม่แท็คน้ารงต.2นาที)
ปก.1ธ.คงั้บ
#WannaSpri…",,POSITIVE,75.79905986785889
"RT @_fukotriple0825: เสียงของพี่ซองอู งุ้ง 💛
#SpringBreeze1stWin https://t.co/oGHp7ronAU","SpringBreeze1stWin, ",POSITIVE,75.79905986785889
RT @hardsalehelpme: แจกสะสมแต้มบุญหน่อยค่ะ แจกเงิน 111 บาท 1 คน ยินดีๆ กับเฟิร์สวินเด็กๆด้วยจ้า 🎉💝 #SpringBreeze1stWin รีก็พอจ้า ประกาศสี่…,"SpringBreeze1stWin, ",POSITIVE,75.79905986785889
"RT @Phatta_kim: แจกทองเหมือนเดิม😚
ทอง1กรัมจ้า ไม่ฟอลได้รับเพียงเงิน111บาทจ้า ทอง1กรัมประมาณ1600-1900บาทจ้า
ประกาศวันเกิดแดน ประกาศแท็กหา+จั…",,POSITIVE,75.79905986785889
RT @Plai_kodchakorn: ถ้าแจกโฟโต้การ์ดkihno ver 1ใบ ให้เลือกระหว่างพี่จีซองกับพี่ซองอุน เราออกค่าส่งให้ สุ่มวันที่1ธันวา รายงานตัว2นาที ปล.ข…,,POSITIVE,75.79905986785889
RT @NabilHussein: Let's just agree both of them are prettier than you sorry not sorry https://t.co/uL5GvZtQFq,,POSITIVE,75.44066309928894
"RT @HWANGMINHYUN_TH: [🎬] ยินดีกับหนุ่มๆ #WANNAONE ด้วยนะคะ วันนี้ได้ #SpringBreeze1stWIN จากรายการ THE SHOWค่ะ 😭💕🎉

#황민현 #ฮวังมินฮยอน #มินฮ…","WANNAONE, SpringBreeze1stWIN, 황민현, ฮวังมินฮยอน, ",POSITIVE,75.79905986785889
"RT @11EndisBegin: #EndingIsBeginning 
—กิจกรรมที่2—
วันนี้วนว.ได้1st win ในรายการ The show เราเลยจะแจก การ์ดในKihno ver.เพิ่ม 1 เซต 
—รีทวิ…","EndingIsBeginning, ",POSITIVE,75.79905986785889
"RT @blooxxxxxx: ฉลองน้องๆได้เฟิร์สวิน💓 #SpringBreeze1stWin 
แค่รีทวิต แจก10/5บาท 3 คน
#WANNAONE","SpringBreeze1stWin, WANNAONE, ",POSITIVE,75.79905986785889
"RT @aquadaniel1210: [ 20181127 ] 더쇼

https://t.co/IF28c9WEnJ (4.9mb)

#강다니엘 #kangdaniel 
#봄바람 #SpringBreeze1stWin https://t.co/PhugOwFMm3","강다니엘, kangdaniel, 봄바람, SpringBreeze1stWin, ",POSITIVE,75.79905986785889
RT @kyallenz: Stop degrading other women just because you want to give one your praise. Don’t ever compliment a woman by insulting another…,,POSITIVE,76.81742310523987
"Saya suka dgn  kutipan Bung Karni Ilyas, asli nendang banget.
#ILCMasjidTerpaparRadikal","ILCMasjidTerpaparRadikal, ",POSITIVE,72.01284170150757
"RT @WannaOne_twt: [#워너원데이] 워너블의 마음을 한가득 따뜻하게 만들어준 오늘 더쇼 잘 보셨나요? 워너원은 워너블이 안겨준 선물 덕에 핫팩이 따로 필요 없을 정도에요(˃̶᷄‧̫ ˂̶᷅๑ ) 오늘 너무 고맙고 우리 내일 또 봐요💕
#S…","워너원데이, ",POSITIVE,75.79905986785889
"RT @SeongWu367: 181125 상암팬싸
 #옹성우 #성우 #OngSeongwu #워너원 #WANNAONE #봄바람 #SpringBreeze1stWin https://t.co/GBpWSGsqRN","옹성우, 성우, OngSeongwu, 워너원, WANNAONE, 봄바람, SpringBreeze1stWin, ",POSITIVE,75.79905986785889
"RT @Maulana_Tigor: Gak bosan mendengar paparan dari Ust @ustadtengkuzul .
Apalagi statement terakhir,Jangan pilih Caleg yg pelihara Anjing.…",,POSITIVE,80.30621409416199
"RT @Sherwins8: Jika di tidak bisa menjelaskan dengan sederhana, jgn2 dia memang tidak mengerti apa pun. #ILCMasjidTerpaparRadikal 
@GunRoml…","ILCMasjidTerpaparRadikal, ",POSITIVE,75.61020851135254
"RT @habbo_94: ㅠㅠ..
#하성운 
#SpringBreeze1stWin 
https://t.co/W18x7OlUHM
https://t.co/0VcsR5tf6C https://t.co/JbhtWyFCaK","하성운, SpringBreeze1stWin, ",POSITIVE,75.79905986785889
"RT @Neannapa125: #SpringBreeze1stWin 
มาคะ น้องได้วินอีกแล้วว แจก30 เฉพาะฟลว นะ 🎉💛🐰","SpringBreeze1stWin, ",POSITIVE,75.79905986785889
"RT @titorachman1: Cocok buat @gunromli nih :  dari bang @karniilyas
“If you can’t explain it simply, you don’t understand it well enough.”…",,POSITIVE,68.15667748451233
"RT @mjhoon99_: 🎉🏆 ฉลอง​ 1st  Win : Spring Breeze
แจกตังค์​ 101  บาท​  1  คนค่ะ
ประกาศวันเสาร์ที่​ 1 ก.ย. เวลา​ 20.33 น.
สุ่มจากรีทวิตค่ะ​ 😊…",,POSITIVE,75.79905986785889
RT @bbbbbyyyyyo: มะกี้เผลอลบ เอาใหม่ ชนะถ้วยแรก แจก100 1คน 1 บาทอีก1คนรี+ฟอลแอค @pamypamyags 💗#SpringBreeze1stWin,"SpringBreeze1stWin, ",POSITIVE,75.79905986785889
"RT @SeongWu367: 181125 상암팬싸
 #옹성우 #성우 #OngSeongwu #워너원 #WANNAONE #봄바람 #SpringBreeze1stWin https://t.co/ooOmRHa4AJ","옹성우, 성우, OngSeongwu, 워너원, WANNAONE, 봄바람, SpringBreeze1stWin, ",POSITIVE,75.79905986785889
"RT @Wannaone_record: #SpringBreeze1stWin

워너원 첫 1위를 축하합니다🎉 트로피길 시작! https://t.co/6oTi6sRGsD","SpringBreeze1stWin, ",POSITIVE,75.79905986785889
"RT @WannaOneUpdate: 181127 Congratulations on your first win for Spring Breeze at SBS The Show boys!!! 💙

@WannaOne_twt 
#SpringBreeze1stWi…",,POSITIVE,76.67255997657776
RT @sandsseine: เฟิสวินนนน 🎉 #SpringBreeze1stWIN https://t.co/stEguvg8Xu,"SpringBreeze1stWIN, ",POSITIVE,75.79905986785889
@ILCtv1 @psi_id @GunRomli @karniilyas @karniilyas biarkan romlah nyrocos sebab kayanya Bung Karni undang  dia hanya… https://t.co/bUygRBB0VS,,POSITIVE,66.35639071464539
"#하성운 !!!!
Miss you so much in this rainy night TT #wannaone #SpringBreeze1stwin https://t.co/Gj1kIIzRqO","하성운, wannaone, SpringBreeze1stwin, ",POSITIVE,75.22339820861816
"RT @wannaone_strm: 🎉워너원 ’’봄바람” 더쇼 1위를 축하합니다🎉

워너원 “봄바람” 첫 1위 축하해요🏆
음악방송 축하 너무 오랜만이라 더 행복해요❤️
워너블 일주일동안 함께 달려줘서 고마워요! 더 많은 트로피를 가지러 함께 달려요💪🏻…",,POSITIVE,75.79905986785889
"RT @Winkkyboy_JH: เนื่องจากได้10,000แต้มเป็นครั้งที่ 3  
แม่ประทับใจมาก  

ขออนุญาติแจก
 40 บาท 1 คน 
 11 บาท 10 คน  
= #แจก11 คนจ้า

รี+ฟอ…","แจก11, ",POSITIVE,75.79905986785889
"Kenyataan emang pahit, om.. 😂😂😂",,POSITIVE,75.6923258304596
RT @Danik_Forever96: เสียงแดนเพราะมากๆๆๆๆ ภูมิใจในความฝึกฝนและพยายามนะแดนนน  เก่งมากๆ หล่อมากๆ ด้วยยย 👏🏻👏🏻👏🏻👏🏻 #강다니엘 #SpringBreeze1stWin ht…,"강다니엘, SpringBreeze1stWin, ",POSITIVE,75.79905986785889
RT @kyallenz: Stop degrading other women just because you want to give one your praise. Don’t ever compliment a woman by insulting another…,,POSITIVE,76.81742310523987
Mungkin si romli perlu baca ini.  https://t.co/nSfHvPaC99 biar gak jadi politisi genderuwo yang suka nakutin indone… https://t.co/emFOw4vq0i,,POSITIVE,76.94534659385681
"RT @WHITEDREAMER_mh: 말랑말랑🤦‍♀️

#SpringBreeze1stWin #황민현 #민현 #minhyun https://t.co/tqTxAyRlTh","SpringBreeze1stWin, 황민현, 민현, minhyun, ",POSITIVE,75.79905986785889
"RT @Laeklin_: Giveaways ฉลองแจกบั้มวนว. 1 บั้ม 🏆🎉

กติกา
:  Re + Follow

🌸 สุ่มจาก follower 
🏆 ประกาศหลังคัมแบคจบค่ะ 
💚 ปั่นสตรีมให้วนว.กัน…",,POSITIVE,75.79905986785889
RT @kyallenz: Stop degrading other women just because you want to give one your praise. Don’t ever compliment a woman by insulting another…,,POSITIVE,76.81742310523987
RT @L_patcharakim: (รีทวิต🍳) สุ่มแจกฟตก. Pleasia จีฮุน 1 ใบ รบกวนออกค่าส่งเอง 20฿ 🙏🏻 สุ่มหลังจากเราสอบไฟนอลเสร็จนะคะ #SpringBreeze1stWin #W…,"SpringBreeze1stWin, ",POSITIVE,75.79905986785889
"RT @sehuuunnnn: กติการีทวิตอย่างเดียว

แจกสตก.ไลน์ 50c🐣
แจก 2 คนงับ 
จะเอาที่เราแคปมาหรือเลือกเองก็ได้น้าา

 #SpringBreeze1stWin https://t.…","SpringBreeze1stWin, ",POSITIVE,75.79905986785889
RT @NielongTaken: สุดยอดไปเลยครับ ดีใจกับน้องๆด้วยนะครับ  🎉🎉🎉 #SpringBreeze1stWin  https://t.co/vsWunkcpHS,"SpringBreeze1stWin, ",POSITIVE,75.79905986785889
"RT @chamwink: our first win!!🎉🏆 
although the boys weren’t at the encore stage, congrats wanna one❤️

#봄바람1stWin 
#SpringBreeze1stWin https…","봄바람1stWin, SpringBreeze1stWin, ",POSITIVE,76.7225980758667
"RT @RajaPurwa: Guntur Romli dah ngoceh dari A ampe Z,  ehhh ditutup ama @karniilyas , orang yang tidak mampu menjelaskan dengan bahasa sede…",,POSITIVE,64.42682147026062
"RT @0u0pp: #SpringBreeze1stWin

181127 더쇼 워너원 술래 (2/2) https://t.co/0wfyTHBpbK","SpringBreeze1stWin, ",POSITIVE,75.79905986785889
Si iblis JIL Romlah bilang kondisi di Indonesia saat ini sama persis dengan kondisi di Suriah sebelum konflik. Tipu… https://t.co/Zx0LPuDlsx,,POSITIVE,75.91270208358765
"RT @itsfbaddies: Bella Hadid, Palestinian 🇵🇸 and Dutch 🇳🇱 https://t.co/MKiFgnm5Mz",,POSITIVE,75.89219808578491
"RT @JH_talk_2_U: Dari zaman bung Karno sampai era pak SBY tidak pernah ada tudingan Mesjid Terpapar Radikal.
Hanya Era rezim Jkw ini ada st…",,POSITIVE,76.20335221290588
"RT @davidlintau82: Penelitian abal abal menurut @ustadtengkuzul 

Memang begitu adanya terliahat jelas

#ILCMasjidTerpaparRadikal https://t…","ILCMasjidTerpaparRadikal, ",POSITIVE,75.85963010787964
"RT @nosengnolife: ㅠ ㅠ 요정님 부업 아이돌
#SpringBreeze1stWin https://t.co/ZTk9oQwxrp","SpringBreeze1stWin, ",POSITIVE,75.79905986785889
"RT @WannaOne_twt: [#워너원데이] 워너블의 마음을 한가득 따뜻하게 만들어준 오늘 더쇼 잘 보셨나요? 워너원은 워너블이 안겨준 선물 덕에 핫팩이 따로 필요 없을 정도에요(˃̶᷄‧̫ ˂̶᷅๑ ) 오늘 너무 고맙고 우리 내일 또 봐요💕
#S…","워너원데이, ",POSITIVE,75.79905986785889
"RT @WannaOne_twt: [#워너원데이] 워너블의 마음을 한가득 따뜻하게 만들어준 오늘 더쇼 잘 보셨나요? 워너원은 워너블이 안겨준 선물 덕에 핫팩이 따로 필요 없을 정도에요(˃̶᷄‧̫ ˂̶᷅๑ ) 오늘 너무 고맙고 우리 내일 또 봐요💕
#S…","워너원데이, ",POSITIVE,75.79905986785889
